{
  "project_info": {
    "project_number": "97995517344",
    "firebase_url": "https://instachat-52f43-default-rtdb.firebaseio.com",
    "project_id": "instachat-52f43",
    "storage_bucket": "instachat-52f43.appspot.com"
  },
  "client": [
    {
      "client_info": {
        "mobilesdk_app_id": "1:97995517344:android:f9f62d6824fe5b0053c8c5",
        "android_client_info": {
          "package_name": "com.app.instachat"
        }
      },
      "oauth_client": [
        {
          "client_id": "97995517344-vrb60m3eruh9qtejm2u20d1pbq2qr9ng.apps.googleusercontent.com",
          "client_type": 1,
          "android_info": {
            "package_name": "com.app.instachat",
            "certificate_hash": "1c117ad896a5c2dfb65205222740e916fd96a048"
          }
        },
        {
          "client_id": "97995517344-v84p80475d8ai18aofj051ek6v8n99ih.apps.googleusercontent.com",
          "client_type": 3
        }
      ],
      "api_key": [
        {
          "current_key": "AIzaSyCanREDxVK2ElUbKzX5b7bRqaRmXkiPxX4"
        }
      ],
      "services": {
        "appinvite_service": {
          "other_platform_oauth_client": [
            {
              "client_id": "97995517344-v84p80475d8ai18aofj051ek6v8n99ih.apps.googleusercontent.com",
              "client_type": 3
            }
          ]
        }
      }
    },
    {
      "client_info": {
        "mobilesdk_app_id": "1:97995517344:android:04fb56cd640f6b0853c8c5",
        "android_client_info": {
          "package_name": "com.app.instachat.activities"
        }
      },
      "oauth_client": [
        {
          "client_id": "97995517344-v84p80475d8ai18aofj051ek6v8n99ih.apps.googleusercontent.com",
          "client_type": 3
        }
      ],
      "api_key": [
        {
          "current_key": "AIzaSyCanREDxVK2ElUbKzX5b7bRqaRmXkiPxX4"
        }
      ],
      "services": {
        "appinvite_service": {
          "other_platform_oauth_client": [
            {
              "client_id": "97995517344-v84p80475d8ai18aofj051ek6v8n99ih.apps.googleusercontent.com",
              "client_type": 3
            }
          ]
        }
      }
    }
  ],
  "configuration_version": "1"
}